Index,Product
1,T-shirt
2,men's T-shirt
3,women's T-shirt
4,kids T-shirt
5,long sleeve
6,men's long sleeve 
7,women's long sleeve 
8,kids long sleeve
9,short sleeve 
10,men's short sleeve 
11,women's short sleeve 
12,kids short sleeve
13,sleeveless T-shirt
14,men's sleeveless
15,women's sleeveless 
16,kids sleeveless 
17,plain T-shirt
18,men's plain T-shirt
19,women's plain T-shirt
20,kids plain T-shirt
21,graphic T-shirt
22,men's graphic T-shirt
23,women's graphic T-shirt
24,kids graphic T-shirt
25,v-neck T-shirt
26,men's v-neck T-shirt
27,women's v-neck T-shirt
28,kids v-neck T-shirt
29,crew neck T-shirt
30,men's crew neck T-shirt
31,women's crew neck T-shirt
32,kids crew neck T-shirt
33,pocket T-shirt
34,men's pocket T-shirt
35,women's pocket T-shirt
36,kids pocket T-shirt
37,striped T-shirt
38,men's striped T-shirt
39,women's striped T-shirt
40,kids striped T-shirt
41,white T-shirt
42,men's white T-shirt
43,women's white T-shirt
44,kids white T-shirt
45,black T-shirt
46,men's black T-shirt
47,women's black T-shirt
48,kids black T-shirt
49,red T-shirt
50,men's red T-shirt
51,women's red T-shirt
52,kids red T-shirt
53,blue T-shirt
54,men's blue T-shirt
55,women's blue T-shirt
56,kids blue T-shirt
57,green T-shirt
58,men's green T-shirt
59,women's green T-shirt
60,kids green T-shirt
61,yellow T-shirt
62,men's yellow T-shirt
63,women's yellow T-shirt
64,kids yellow T-shirt
65,pink T-shirt
66,women's pink T-shirt
67,kids pink T-shirt
68,orange T-shirt
69,men's orange T-shirt
70,women's orange T-shirt
71,kids orange T-shirt
72,purple T-shirt
73,men's purple T-shirt
74,women's purple T-shirt
75,kids purple T-shirt
76,brown T-shirt
77,men's brown T-shirt
78,women's brown T-shirt
79,kids brown T-shirt
80,gray T-shirt
81,men's gray T-shirt
82,women's gray T-shirt
83,kids gray T-shirt
84,beige T-shirt
85,men's beige T-shirt
86,women's beige T-shirt
87,kids beige T-shirt
88,navy T-shirt
89,men's navy T-shirt
90,women's navy T-shirt
91,kids navy T-shirt
92,burgundy T-shirt
93,men's burgundy T-shirt
94,women's burgundy T-shirt
95,kids burgundy T-shirt
96,ivory T-shirt
97,men's ivory T-shirt
98,women's ivory T-shirt
99,kids ivory T-shirt
100,khaki T-shirt
101,dress
102,long dress
103,short dress
104,summer dress
105,winter dress
106,spring dress
107,fall dress
108,casual dress
109,formal dress
110,party dress
111,evening dress
112,office dress
113,maxi dress
114,mini dress
115,midi dress
116,wrap dress
117,shirt dress
118,sweater dress
119,A-line dress
120,bodycon dress
121,shift dress
122,halter dress
123,strapless dress
124,off shoulder dress
125,one shoulder dress
126,v-neck dress
127,round neck dress
128,high neck dress
129,tunic dress
130,t-shirt dress
131,pencil dress
132,pleated dress
133,skater dress
134,lace dress
135,sequin dress
136,satin dress
137,chiffon dress
138,velvet dress
139,knit dress
140,denim dress
141,bohemian dress
142,beach dress
143,sundress
144,white dress
145,black dress
146,red dress
147,blue dress
148,green dress
149,yellow dress
150,pink dress
151,orange dress
152,purple dress
153,brown dress
154,gray dress
155,beige dress
156,navy dress
157,burgundy dress
158,ivory dress
159,khaki dress
160,olive dress
161,tan dress
162,flower dress
163,bridesmaid dress
164,ball gown
165,tea length dress
166,evening gown
167,holiday dress
168,school dress
169,casual maxi dress
170,formal maxi dress
171,jeans
172,men's jeans
173,women's jeans
174,kids jeans
175,blue jeans
176,men's blue jeans
177,women's blue jeans
178,kids blue jeans
179,black jeans
180,men's black jeans
181,women's black jeans
182,kids black jeans
183,white jeans
184,men's white jeans
185,women's white jeans
186,kids white jeans
187,gray jeans
188,men's gray jeans
189,women's gray jeans
190,kids gray jeans
191,ripped jeans
192,men's ripped jeans
193,women's ripped jeans
194,kids ripped jeans
195,skinny jeans
196,men's skinny jeans
197,women's skinny jeans
198,kids skinny jeans
199,straight jeans
200,men's straight jeans
201,women's straight jeans
202,kids straight jeans
203,bootcut jeans
204,men's bootcut jeans
205,women's bootcut jeans
206,kids bootcut jeans
207,slim fit jeans
208,men's slim fit jeans
209,women's slim fit jeans
210,kids slim fit jeans
211,high-waisted jeans
212,women's high-waisted jeans
213,kids high-waisted jeans
214,loose fit jeans
215,men's loose fit jeans
216,women's loose fit jeans
217,kids loose fit jeans
218,relaxed fit jeans
219,men's relaxed fit jeans
220,women's relaxed fit jeans
221,kids relaxed fit jeans
222,boyfriend jeans
223,women's boyfriend jeans
224,kids boyfriend jeans
225,distressed jeans
226,men's distressed jeans
227,women's distressed jeans
228,kids distressed jeans
229,flared jeans
230,women's flared jeans
231,kids flared jeans
232,winter jeans
233,men's winter jeans
234,women's winter jeans
235,kids winter jeans
236,spring jeans
237,men's spring jeans
238,women's spring jeans
239,kids spring jeans
240,summer jeans
241,men's summer jeans
242,women's summer jeans
243,kids summer jeans
244,fall jeans
245,men's fall jeans
246,women's fall jeans
247,kids fall jeans
248,tan jeans
249,men's tan jeans
250,women's tan jeans
251,denim jeans
252,men's denim jeans
253,women's denim jeans
254,kids denim jeans
255,coat
256,long coat
257,short coat
258,winter coat
259,summer coat
260,spring coat
261,fall coat
262,wool coat
263,leather coat
264,down coat
265,puffer coat
266,quilted coat
267,windbreaker coat
268,denim coat
269,fur coat
270,fleece coat
271,waterproof coat
272,rain coat
273,trench coat
274,parka coat
275,pea coat
276,cotton coat
277,hooded coat
278,light coat
279,heavy coat
280,lined coat
281,double coat
282,men's coat
283,women's coat
284,kids coat
285,winter coat men
286,winter coat women
287,puffer coat men
288,puffer coat women
289,rain coat men
290,rain coat women
291,light coat men
292,light coat women
293,wool coat men
294,wool coat women
295,work coat
296,insulated coat
297,casual coat
298,formal coat
299,coat with hood
300,coat with belt
301,fur-lined coat
302,zipped coat
303,buttoned coat
304,down coat men
305,down coat women
306,long down coat
307,short down coat
308,padded coat
309,stretch coat
310,tweed coat
311,faux fur coat
312,cashmere coat
313,silk coat
314,nylon coat
315,coat for teens
316,coat for girls
317,coat for boys
318,thin coat
319,thick coat
320,loose coat
321,fitted coat
322,rainproof coat
323,coat with collar
324,mid-length coat
325,jacket
326,long jacket
327,short jacket
328,winter jacket
329,summer jacket
330,spring jacket
331,fall jacket
332,denim jacket
333,leather jacket
334,puffer jacket
335,quilted jacket
336,bomber jacket
337,fleece jacket
338,waterproof jacket
339,rain jacket
340,windbreaker
341,wool jacket
342,down jacket
343,parka jacket
344,trench jacket
345,pea jacket
346,cotton jacket
347,hooded jacket
348,light jacket
349,heavy jacket
350,lined jacket
351,double jacket
352,men's jacket
353,women's jacket
354,kids jacket
355,winter jacket men
356,winter jacket women
357,light jacket men
358,light jacket women
359,rain jacket men
360,rain jacket women
361,puffer jacket men
362,puffer jacket women
363,casual jacket
364,formal jacket
365,work jacket
366,insulated jacket
367,jacket with hood
368,jacket with zip
369,jacket with belt
370,fur-lined jacket
371,zipped jacket
372,buttoned jacket
373,down jacket men
374,down jacket women
375,long down jacket
376,short down jacket
377,padded jacket
378,stretch jacket
379,tweed jacket
380,faux fur jacket
381,cashmere jacket
382,silk jacket
383,nylon jacket
384,jacket for teens
385,jacket for girls
386,jacket for boys
387,thin jacket
388,thick jacket
389,loose jacket
390,fitted jacket
391,rainproof jacket
392,jacket with collar
393,mid-length jacket
394,pants
395,long pants
396,short pants
397,denim pants
398,skinny pants
399,slim pants
400,straight pants
401,bootcut pants
402,wide-leg pants
403,high-waisted pants
404,low-rise pants
405,capri pants
406,cargo pants
407,work pants
408,dress pants
409,jogger pants
410,sweatpants
411,leggings
412,flare pants
413,chino pants
414,trousers
415,casual pants
416,formal pants
417,linen pants
418,cropped pants
419,track pants
420,athletic pants
421,tapered pants
422,bike pants
423,elastic waist pants
424,men's pants
425,women's pants
426,kids pants
427,cargo pants men
428,cargo pants women
429,skinny pants men
430,skinny pants women
431,jogger pants men
432,jogger pants women
433,casual pants men
434,casual pants women
435,formal pants men
436,formal pants women
437,winter pants
438,summer pants
439,spring pants
440,fall pants
441,pants with zip
442,pants with belt
443,pants with pockets
444,stretch pants
445,fleece pants
446,cotton pants
447,nylon pants
448,corduroy pants
449,leather pants
450,pants for teens
451,pants for girls
452,pants for boys
453,mid-rise pants
454,low-cut pants
455,tailored pants
456,baggy pants
457,workout pants
458,pants for hiking
459,fleece-lined pants
460,rainproof pants
461,knit pants
462,sports pants
463,pants with elastic
464,waterproof pants
465,rugged pants
466,pants with drawstring
467,unisex pants
468,pants with cuffs
469,pants with stretch
470,pants for travel
471,casual caprisx
472,old money pants
473,cotton chinos
474,old money coat
475,old money jacket
476,men's old money pants
477,old money pants for woman
478,men's old money coat
479,old money coat for woman
480,old money 
481,shorts
482,long shorts
483,short shorts
484,denim shorts
485,cotton shorts
486,linen shorts
487,cargo shorts
488,workout shorts
489,swim shorts
490,board shorts
491,running shorts
492,cycling shorts
493,casual shorts
494,formal shorts
495,athletic shorts
496,sports shorts
497,track shorts
498,yoga shorts
499,bike shorts
500,khaki shorts
501,twill shorts
502,stretch shorts
503,high-waisted shorts
504,low-rise shorts
505,mid-rise shorts
506,bermuda shorts
507,tailored shorts
508,basketball shorts
509,lounge shorts
510,silk shorts
511,old money shorts
512,fleece shorts
513,elastic shorts
514,cropped shorts
515,ripped shorts
516,men shorts
517,women shorts
518,kids shorts
519,zip shorts
520,belt shorts
521,pocket shorts
522,teen shorts
523,boys shorts
524,girls shorts
525,spring shorts
526,summer shorts
527,fall shorts
528,winter shorts
529,pull-on shorts
530,drawstring shorts
531,cuffed shorts
532,nylon shorts
533,polyester shorts
534,trendy shorts
535,hipster shorts
536,designer shorts
537,retro shorts
538,classic shorts
539,smart shorts
540,beach shorts
541,holiday shorts
542,striped shorts
543,checked shorts
544,chino shorts
545,soft shorts
546,travel shorts
547,slim shorts
548,tight shorts
549,loose shorts
550,comfy shorts
551,shorts with liner
552,fashion shorts
553,pleated shorts
554,wide-leg shorts
555,home shorts
556,outdoor shorts
557,premium shorts
558,drawcord shorts
559,jersey shorts
560,gym shorts
561,tweed shorts
562,pinstripe shorts
563,training shorts
564,fringe shorts
565,soft-touch shorts
566,leather shorts
567,metallic shorts
568,pastel shorts
569,vintage shorts
570,puff shorts
571,printed shorts
572,modern shorts
573,boutique shorts
574,festival shorts
575,urban shorts
576,hiking shorts
577,sweater
578,knit sweater
579,cotton sweater
580,wool sweater
581,cashmere sweater
582,chunky sweater
583,cardigan
584,turtleneck
585,crewneck
586,v-neck sweater
587,half-zip sweater
588,cropped sweater
589,oversized sweater
590,fitted sweater
591,loose sweater
592,light sweater
593,heavy sweater
594,casual sweater
595,formal sweater
596,fleece sweater
597,hooded sweater
598,pullover
599,striped sweater
600,cable knit
601,old money sweater
602,retro sweater
603,trendy sweater
604,classic sweater
605,smart sweater
606,designer sweater
607,soft sweater
608,thin sweater
609,thick sweater
610,comfy sweater
611,vintage sweater
612,casual cardigan
613,formal cardigan
614,men sweater
615,women sweater
616,kids sweater
617,spring sweater
618,summer sweater
619,fall sweater
620,winter sweater
621,teen sweater
622,boys sweater
623,girls sweater
624,modern sweater
625,checked sweater
626,tweed sweater
627,buttoned sweater
628,zipped sweater
629,cotton cardigan
630,slim sweater
631,tight sweater
632,soft-touch sweater
633,pastel sweater
634,v-neck cardigan
635,hooded cardigan
636,collar sweater
637,fringe sweater
638,short sweater
639,long sweater
640,printed sweater
641,solid color sweater
642,pullover sweater
643,cropped pullover
644,wrap sweater
645,shawl collar
646,thermal sweater
647,embroidered sweater
648,ruffle sweater
649,fleece-lined sweater
650,cable knit cardigan
651,old money cardigan
652,sweater vest
653,cardigan vest
654,quarter-zip
655,half-button sweater
656,chunky cardigan
657,loose cardigan
658,classic pullover
659,vintage pullover
660,trendy cardigan
661,premium sweater
662,premium cardigan
663,athletic sweater
664,active sweater
665,fashionable sweater
666,pastel cardigan
667,fuzzy sweater
668,fluffy sweater
669,ribbed sweater
670,stretch sweater
671,formal pullover
672,striped pullover
673,checked pullover
674,patterned sweater
675,hoodie
676,zip hoodie
677,pullover hoodie
678,hooded sweatshirt
679,graphic hoodie
680,plain hoodie
681,oversized hoodie
682,cropped hoodie
683,hoodie dress
684,casual hoodie
685,athletic hoodie
686,fleece hoodie
687,sherpa hoodie
688,light hoodie
689,heavy hoodie
690,hoodie jacket
691,hoodie with pockets
692,hoodie with zip
693,hoodie with drawstring
694,vintage hoodie
695,retro hoodie
696,hoodie with hood
697,classic hoodie
698,old money hoodie
699,trendy hoodie
700,hipster hoodie
701,stylish hoodie
702,sporty hoodie
703,men hoodie
704,women hoodie
705,kids hoodie
706,teen hoodie
707,boys hoodie
708,girls hoodie
709,modern hoodie
710,premium hoodie
711,casual zip hoodie
712,formal hoodie
713,spring hoodie
714,summer hoodie
715,fall hoodie
716,winter hoodie
717,thin hoodie
718,thick hoodie
719,loose hoodie
720,fitted hoodie
721,soft hoodie
722,comfy hoodie
723,hoodie for teens
724,hoodie for boys
725,hoodie for girls
726,pullover with hood
727,hoodie with lining
728,hoodie with print
729,graphic zip hoodie
730,solid color hoodie
731,premium zip hoodie
732,sport hoodie
733,active hoodie
734,hoodie for gym
735,hoodie for running
736,running hoodie
737,gym hoodie
738,classic pullover hoodie
739,quarter-zip hoodie
740,half-zip hoodie
741,hoodie with logo
742,embroidered hoodie
743,hoodie with fringe
744,tie-dye hoodie
745,pastel hoodie
746,striped hoodie
747,checked hoodie
748,patterned hoodie
749,hoodie with elastic
750,fleece-lined hoodie
751,hoodie with graphics
752,retro zip hoodie
753,fashionable hoodie
754,urban hoodie
755,hoodie for travel
756,premium pullover
757,trendy pullover
758,athletic pullover
759,fashion hoodie
760,designer hoodie
761,soft-touch hoodie
762,hoodie with cuffs
763,hoodie with stretch
764,hoodie with drawcord
765,hoodie with side pockets
766,hoodie with front pocket
767,streetwear hoodie
768,hoodie for lounge
769,long cardigan
770,short cardigan
771,knit cardigan
772,wool cardigan
773,cashmere cardigan
774,cropped cardigan
775,oversized cardigan
776,fitted cardigan
777,light cardigan
778,heavy cardigan
779,fleece cardigan
780,buttoned cardigan
781,zipped cardigan
782,open cardigan
783,wrap cardigan
784,patterned cardigan
785,striped cardigan
786,classic cardigan
787,vintage cardigan
788,designer cardigan
789,popular cardigan
790,men cardigan
791,men's cardigan
792,women cardigan
793,women's cardigan
794,kids cardigan
795,kids cardigan
796,casual cardigan men
797,men's casual cardigan
798,formal cardigan men
799,men's formal cardigan
800,hooded cardigan men
801,men's hooded cardigan
802,spring cardigan
803,summer cardigan
804,fall cardigan
805,winter cardigan
806,soft cardigan
807,comfy cardigan
808,modern cardigan
809,striped cardigan men
810,men's striped cardigan
811,knit cardigan men
812,men's knit cardigan
813,fleece cardigan men
814,men's fleece cardigan
815,trendy cardigan kids
816,kids trendy cardigan
817,long cardigan men
818,men's long cardigan
819,short cardigan men
820,men's short cardigan
821,light cardigan men
822,men's light cardigan
823,skirt
824,long skirt
825,short skirt
826,maxi skirt
827,mini skirt
828,midi skirt
829,pencil skirt
830,a-line skirt
831,pleated skirt
832,wrap skirt
833,denim skirt
834,leather skirt
835,silk skirt
836,cotton skirt
837,wool skirt
838,high-waisted skirt
839,ruffled skirt
840,tiered skirt
841,straight skirt
842,tulle skirt
843,flared skirt
844,knee-length skirt
845,floral skirt
846,striped skirt
847,polka dot skirt
848,plaid skirt
849,buttoned skirt
850,lace skirt
851,chiffon skirt
852,sheer skirt
853,sport skirt
854,casual skirt
855,formal skirt
856,summer skirt
857,winter skirt
858,fall skirt
859,spring skirt
860,white skirt
861,black skirt
862,red skirt
863,blue skirt
864,green skirt
865,pink skirt
866,brown skirt
867,gray skirt
868,navy skirt
869,old money skirt
870,trendy skirt
871,classic skirt
872,fashion skirt
873,blouse
874,long sleeve blouse
875,short sleeve blouse
876,sleeveless blouse
877,silk blouse
878,cotton blouse
879,chiffon blouse
880,denim blouse
881,satin blouse
882,lace blouse
883,ruffled blouse
884,buttoned blouse
885,wrap blouse
886,pleated blouse
887,v-neck blouse
888,high neck blouse
889,off-shoulder blouse
890,floral blouse
891,striped blouse
892,polka dot blouse
893,solid blouse
894,printed blouse
895,embroidered blouse
896,bohemian blouse
897,casual blouse
898,formal blouse
899,office blouse
900,party blouse
901,trendy blouse
902,classic blouse
903,retro blouse
904,vintage blouse
905,old money blouse
906,modern blouse
907,designer blouse
908,smart blouse
909,spring blouse
910,summer blouse
911,fall blouse
912,winter blouse
913,fashion blouse
914,comfy blouse
915,soft blouse
916,premium blouse
917,blouse with collar
918,blouse with cuffs
919,blouse with buttons
920,blouse with pockets
921,blouse with zip
922,blouse with frills
923,blouse with belt
924,soft-touch blouse
925,tie-neck blouse
926,high-low blouse
927,layered blouse
928,tunic blouse
929,halter blouse
930,tight blouse
931,loose blouse
932,solid color blouse
933,patterned blouse
934,fashionable blouse
935,blouse for spring
936,blouse for summer
937,blouse for fall
938,blouse for winter
939,blouse for office
940,blouse for party
941,blouse for casual
942,blouse for formal
943,shirt
944,long sleeve shirt
945,short sleeve shirt
946,sleeveless shirt
947,denim shirt
948,cotton shirt
949,linen shirt
950,silk shirt
951,flannel shirt
952,plaid shirt
953,striped shirt
954,checked shirt
955,solid shirt
956,button-down shirt
957,casual shirt
958,formal shirt
959,dress shirt
960,oxford shirt
961,poplin shirt
962,chambray shirt
963,hawaiian shirt
964,tunic shirt
965,graphic shirt
966,printed shirt
967,embroidered shirt
968,polo shirt
969,oversized shirt
970,fitted shirt
971,slim fit shirt
972,loose fit shirt
973,men shirt
974,men's shirt
975,women shirt
976,women's shirt
977,kids shirt
978,kids shirt
979,casual shirt men
980,men's casual shirt
981,formal shirt men
982,men's formal shirt
983,work shirt
984,shirt with pockets
985,shirt with cuffs
986,shirt with collar
987,shirt with buttons
988,shirt with zip
989,hooded shirt
990,collarless shirt
991,summer shirt
992,winter shirt
993,spring shirt
994,fall shirt
995,soft shirt
996,comfy shirt
997,trendy shirt
998,classic shirt
999,retro shirt
1000,vintage shirt
1001,old money shirt
1002,modern shirt
1003,designer shirt
1004,smart shirt
1005,fashion shirt
1006,bowling shirt
1007,rugby shirt
1008,henley shirt
1009,mandarin collar shirt
1010,baseball shirt
1011,button-up shirt
1012,utility shirt
1013,pullover shirt
1014,shacket
1015,t-shirt style shirt
1016,kurta shirt
1017,leisure shirt
1018,tie-dye shirt
1019,terry cloth shirt
1020,half-sleeve shirt
1021,fitted shirt men
1022,men's fitted shirt
1023,floral shirt
1024,polka dot shirt
1025,shirt for travel
1026,party shirt
1027,office shirt
1028,suit
1029,men suit
1030,men's suit
1031,women suit
1032,women's suit
1033,kids suit
1034,kids suit
1035,casual suit
1036,formal suit
1037,business suit
1038,work suit
1039,slim fit suit
1040,classic fit suit
1041,tuxedo suit
1042,three-piece suit
1043,double-breasted suit
1044,checked suit
1045,striped suit
1046,solid suit
1047,patterned suit
1048,linen suit
1049,wool suit
1050,cotton suit
1051,velvet suit
1052,silk suit
1053,tweed suit
1054,corduroy suit
1055,modern suit
1056,trendy suit
1057,old money suit
1058,vintage suit
1059,designer suit
1060,smart suit
1061,fashion suit
1062,summer suit
1063,winter suit
1064,spring suit
1065,fall suit
1066,wedding suit
1067,party suit
1068,office suit
1069,travel suit
1070,evening suit
1071,tailored suit
1072,custom suit
1073,semi-formal suit
1074,dress suit
1075,white suit
1076,black suit
1077,blue suit
1078,navy suit
1079,gray suit
1080,beige suit
1081,brown suit
1082,green suit
1083,bold suit
1084,subtle suit
1085,suit with vest
1086,suit with waistcoat
1087,suit with tie
1088,stretch suit
1089,soft suit
1090,comfy suit
1091,fitted suit
1092,loose suit
1093,casual suit men
1094,men's casual suit
1095,formal suit men
1096,men's formal suit
1097,trendy suit men
1098,men's trendy suit
1099,classic suit men
1100,men's classic suit
1101,modern suit men
1102,men's modern suit
1103,retro suit men
1104,men's retro suit
1105,blazer
1106,men blazer
1107,men's blazer
1108,women blazer
1109,women's blazer
1110,kids blazer
1111,kids blazer
1112,casual blazer
1113,formal blazer
1114,business blazer
1115,work blazer
1116,slim fit blazer
1117,classic fit blazer
1118,double-breasted blazer
1119,checked blazer
1120,striped blazer
1121,solid blazer
1122,patterned blazer
1123,linen blazer
1124,wool blazer
1125,cotton blazer
1126,velvet blazer
1127,silk blazer
1128,tweed blazer
1129,corduroy blazer
1130,modern blazer
1131,trendy blazer
1132,old money blazer
1133,vintage blazer
1134,designer blazer
1135,smart blazer
1136,fashion blazer
1137,summer blazer
1138,winter blazer
1139,spring blazer
1140,fall blazer
1141,wedding blazer
1142,party blazer
1143,office blazer
1144,travel blazer
1145,evening blazer
1146,tailored blazer
1147,custom blazer
1148,semi-formal blazer
1149,dress blazer
1150,white blazer
1151,black blazer
1152,blue blazer
1153,navy blazer
1154,gray blazer
1155,beige blazer
1156,brown blazer
1157,green blazer
1158,bold blazer
1159,subtle blazer
1160,stretch blazer
1161,soft blazer
1162,comfy blazer
1163,fitted blazer
1164,loose blazer
1165,casual blazer men
1166,men's casual blazer
1167,formal blazer men
1168,men's formal blazer
1169,trendy blazer men
1170,men's trendy blazer
1171,classic blazer men
1172,men's classic blazer
1173,modern blazer men
1174,men's modern blazer
1175,retro blazer men
1176,men's retro blazer
1177,tracksuit
1178,long tracksuit
1179,short tracksuit
1180,men tracksuit
1181,men's tracksuit
1182,tracksuit jacket
1183,tracksuit pants
1184,tracksuit set
1185,casual tracksuit
1186,formal tracksuit
1187,athletic tracksuit
1188,classic tracksuit
1189,slim fit tracksuit
1190,loose fit tracksuit
1191,sports tracksuit
1192,training tracksuit
1193,retro tracksuit
1194,vintage tracksuit
1195,old money tracksuit
1196,trendy tracksuit
1197,modern tracksuit
1198,designer tracksuit
1199,smart tracksuit
1200,fashion tracksuit
1201,summer tracksuit
1202,winter tracksuit
1203,spring tracksuit
1204,fall tracksuit
1205,lightweight tracksuit
1206,heavy tracksuit
1207,fleece tracksuit
1208,cotton tracksuit
1209,polyester tracksuit
1210,nylon tracksuit
1211,tracksuit with hood
1212,tracksuit with zip
1213,tracksuit with pockets
1214,zip tracksuit
1215,buttoned tracksuit
1216,hooded tracksuit
1217,matching tracksuit
1218,contrast tracksuit
1219,printed tracksuit
1220,striped tracksuit
1221,checked tracksuit
1222,colorblock tracksuit
1223,casual tracksuit men
1224,men's casual tracksuit
1225,sports tracksuit men
1226,men's sports tracksuit
1227,trendy tracksuit men
1228,men's trendy tracksuit
1229,retro tracksuit men
1230,men's retro tracksuit
1231,classic tracksuit men
1232,men's classic tracksuit
1233,loungewear
1234,long loungewear
1235,short loungewear
1236,casual loungewear
1237,formal loungewear
1238,athletic loungewear
1239,classic loungewear
1240,comfortable loungewear
1241,trendy loungewear
1242,modern loungewear
1243,designer loungewear
1244,fashion loungewear
1245,luxury loungewear
1246,soft loungewear
1247,lightweight loungewear
1248,heavy loungewear
1249,knit loungewear
1250,cotton loungewear
1251,fleece loungewear
1252,thermal loungewear
1253,stretch loungewear
1254,cozy loungewear
1255,old money loungewear
1256,vintage loungewear
1257,retro loungewear
1258,matching loungewear
1259,printed loungewear
1260,solid loungewear
1261,colorblock loungewear
1262,loungewear set
1263,loungewear top
1264,loungewear pants
1265,loungewear shorts
1266,loungewear joggers
1267,loungewear hoodie
1268,loungewear robe
1269,spring loungewear
1270,summer loungewear
1271,fall loungewear
1272,winter loungewear
1273,trendy loungewear set
1274,luxury loungewear set
1275,retro loungewear set
1276,cozy loungewear set
1277,long leggings
1278,short leggings
1279,men leggings
1280,men's leggings
1281,women leggings
1282,women's leggings
1283,kids leggings
1284,kids leggings
1285,casual leggings
1286,formal leggings
1287,athletic leggings
1288,classic leggings
1289,comfortable leggings
1290,trendy leggings
1291,modern leggings
1292,designer leggings
1293,fashion leggings
1294,luxury leggings
1295,soft leggings
1296,lightweight leggings
1297,heavy leggings
1298,knit leggings
1299,cotton leggings
1300,fleece leggings
1301,thermal leggings
1302,stretch leggings
1303,cozy leggings
1304,old money leggings
1305,vintage leggings
1306,retro leggings
1307,matching leggings
1308,printed leggings
1309,solid leggings
1310,colorblock leggings
1311,high-waisted leggings
1312,mid-rise leggings
1313,low-rise leggings
1314,full-length leggings
1315,capri leggings
1316,cropped leggings
1317,tummy control leggings
1318,seamless leggings
1319,compression leggings
1320,running leggings
1321,workout leggings
1322,yoga leggings
1323,gym leggings
1324,training leggings
1325,performance leggings
1326,sports leggings
1327,hiking leggings
1328,casual leggings men
1329,men's casual leggings
1330,classic leggings men
1331,men's classic leggings
1332,bodysuit
1333,long sleeve bodysuit
1334,short sleeve bodysuit
1335,sleeveless bodysuit
1336,strapless bodysuit
1337,off-shoulder bodysuit
1338,lace bodysuit
1339,cotton bodysuit
1340,denim bodysuit
1341,chiffon bodysuit
1342,knit bodysuit
1343,ribbed bodysuit
1344,seamless bodysuit
1345,high-neck bodysuit
1346,v-neck bodysuit
1347,scoop neck bodysuit
1348,square neck bodysuit
1349,turtleneck bodysuit
1350,wrap bodysuit
1351,zip bodysuit
1352,buttoned bodysuit
1353,printed bodysuit
1354,solid bodysuit
1355,patterned bodysuit
1356,cutout bodysuit
1357,mesh bodysuit
1358,sheer bodysuit
1359,backless bodysuit
1360,halter bodysuit
1361,shapewear bodysuit
1362,thong bodysuit
1363,retro bodysuit
1364,trendy bodysuit
1365,classic bodysuit
1366,old money bodysuit
1367,modern bodysuit
1368,designer bodysuit
1369,fashion bodysuit
1370,casual bodysuit
1371,formal bodysuit
1372,lace-up bodysuit
1373,halter-neck bodysuit
1374,puff sleeve bodysuit
1375,bell sleeve bodysuit
1376,plunge bodysuit
1377,spring bodysuit
1378,summer bodysuit
1379,fall bodysuit
1380,winter bodysuit
1381,leather bodysuit
1382,jersey bodysuit
1383,wrap front bodysuit
1384,cutout shoulder bodysuit
1385,white bodysuit
1386,black bodysuit
1387,red bodysuit
1388,blue bodysuit
1389,green bodysuit
1390,pink bodysuit
1391,brown bodysuit
1392,gray bodysuit
1393,beige bodysuit
1394,navy bodysuit
1395,purple bodysuit
1396,yellow bodysuit
1397,tunic
1398,long tunic
1399,short tunic
1400,denim tunic
1401,cotton tunic
1402,linen tunic
1403,chiffon tunic
1404,silk tunic
1405,knit tunic
1406,ribbed tunic
1407,striped tunic
1408,solid tunic
1409,patterned tunic
1410,printed tunic
1411,embroidered tunic
1412,bohemian tunic
1413,trendy tunic
1414,classic tunic
1415,retro tunic
1416,vintage tunic
1417,old money tunic
1418,modern tunic
1419,designer tunic
1420,fashion tunic
1421,casual tunic
1422,formal tunic
1423,sleeveless tunic
1424,buttoned tunic
1425,wrap tunic
1426,zip tunic
1427,high-low tunic
1428,asymmetrical tunic
1429,peplum tunic
1430,lace tunic
1431,tunic top
1432,tunic with pockets
1433,ruffled tunic
1434,hooded tunic
1435,belted tunic
1436,spring tunic
1437,summer tunic
1438,fall tunic
1439,winter tunic
1440,tunic with cuffs
1441,tunic with collar
1442,tunic with frills
1443,floral tunic
1444,paisley tunic
1445,geometric tunic
1446,flowy tunic
1447,pullover tunic
1448,white tunic
1449,black tunic
1450,red tunic
1451,blue tunic
1452,green tunic
1453,pink tunic
1454,brown tunic
1455,gray tunic
1456,beige tunic
1457,navy tunic
1458,purple tunic
1459,yellow tunic
1460,long sleeve turtleneck
1461,short sleeve turtleneck
1462,men turtleneck
1463,men's turtleneck
1464,women turtleneck
1465,women's turtleneck
1466,kids turtleneck
1467,kids turtleneck
1468,casual turtleneck
1469,formal turtleneck
1470,classic turtleneck
1471,trendy turtleneck
1472,modern turtleneck
1473,vintage turtleneck
1474,old money turtleneck
1475,designer turtleneck
1476,fashion turtleneck
1477,light turtleneck
1478,heavy turtleneck
1479,fitted turtleneck
1480,loose turtleneck
1481,ribbed turtleneck
1482,knit turtleneck
1483,cotton turtleneck
1484,wool turtleneck
1485,silk turtleneck
1486,cashmere turtleneck
1487,thermal turtleneck
1488,striped turtleneck
1489,solid turtleneck
1490,printed turtleneck
1491,patterned turtleneck
1492,sleeveless turtleneck
1493,zip turtleneck
1494,buttoned turtleneck
1495,turtleneck sweater
1496,turtleneck top
1497,high-neck turtleneck
1498,collarless turtleneck
1499,pullover turtleneck
1500,oversized turtleneck
1501,cropped turtleneck
1502,spring turtleneck
1503,summer turtleneck
1504,fall turtleneck
1505,winter turtleneck
1506,casual turtleneck men
1507,men's casual turtleneck
1508,formal turtleneck men
1509,men's formal turtleneck
1510,trendy turtleneck men
1511,men's trendy turtleneck
1512,retro turtleneck men
1513,men's retro turtleneck
1514,vintage turtleneck men
1515,men's vintage turtleneck
1516,white turtleneck
1517,black turtleneck
1518,red turtleneck
1519,blue turtleneck
1520,green turtleneck
1521,pink turtleneck
1522,brown turtleneck
1523,gray turtleneck
1524,beige turtleneck
1525,navy turtleneck
1526,purple turtleneck
1527,yellow turtleneck
1528,long polo shirt
1529,short polo shirt
1530,men polo shirt
1531,men's polo shirt
1532,women polo shirt
1533,women's polo shirt
1534,kids polo shirt
1535,kids polo shirt
1536,casual polo shirt
1537,formal polo shirt
1538,athletic polo shirt
1539,classic polo shirt
1540,slim polo shirt
1541,loose polo shirt
1542,trendy polo shirt
1543,modern polo shirt
1544,designer polo shirt
1545,fashion polo shirt
1546,soft polo shirt
1547,light polo shirt
1548,heavy polo shirt
1549,cotton polo shirt
1550,knit polo shirt
1551,ribbed polo shirt
1552,striped polo shirt
1553,solid polo shirt
1554,patterned polo shirt
1555,printed polo shirt
1556,embroidered polo
1557,polo shirt with pockets
1558,polo shirt with collar
1559,polo shirt with zip
1560,polo shirt with buttons
1561,spring polo shirt
1562,summer polo shirt
1563,fall polo shirt
1564,winter polo shirt
1565,retro polo shirt
1566,vintage polo shirt
1567,old money polo shirt
1568,white polo shirt
1569,black polo shirt
1570,red polo shirt
1571,blue polo shirt
1572,green polo shirt
1573,pink polo shirt
1574,brown polo shirt
1575,gray polo shirt
1576,beige polo shirt
1577,navy polo shirt
1578,purple polo shirt
1579,yellow polo shirt
1580,tank top
1581,long tank top
1582,short tank top
1583,men tank top
1584,men's tank top
1585,women tank top
1586,women's tank top
1587,kids tank top
1588,kids tank top
1589,casual tank top
1590,formal tank top
1591,athletic tank top
1592,classic tank top
1593,slim tank top
1594,loose tank top
1595,trendy tank top
1596,modern tank top
1597,designer tank top
1598,fashion tank top
1599,soft tank top
1600,light tank top
1601,heavy tank top
1602,cotton tank top
1603,knit tank top
1604,ribbed tank top
1605,striped tank top
1606,solid tank top
1607,patterned tank top
1608,printed tank top
1609,embroidered tank top
1610,tank top with pockets
1611,tank top with zip
1612,tank top with buttons
1613,spring tank top
1614,summer tank top
1615,fall tank top
1616,winter tank top
1617,retro tank top
1618,vintage tank top
1619,old money tank top
1620,white tank top
1621,black tank top
1622,red tank top
1623,blue tank top
1624,green tank top
1625,pink tank top
1626,brown tank top
1627,gray tank top
1628,beige tank top
1629,navy tank top
1630,purple tank top
1631,yellow tank top
1632,raincoat
1633,long raincoat
1634,short raincoat
1635,men raincoat
1636,men's raincoat
1637,women raincoat
1638,women's raincoat
1639,kids raincoat
1640,kids raincoat
1641,casual raincoat
1642,formal raincoat
1643,athletic raincoat
1644,classic raincoat
1645,slim raincoat
1646,loose raincoat
1647,trendy raincoat
1648,modern raincoat
1649,designer raincoat
1650,fashion raincoat
1651,soft raincoat
1652,light raincoat
1653,heavy raincoat
1654,waterproof raincoat
1655,breathable raincoat
1656,insulated raincoat
1657,fleece raincoat
1658,cotton raincoat
1659,nylon raincoat
1660,polyester raincoat
1661,rubber raincoat
1662,hooded raincoat
1663,zip raincoat
1664,buttoned raincoat
1665,packable raincoat
1666,travel raincoat
1667,spring raincoat
1668,summer raincoat
1669,fall raincoat
1670,winter raincoat
1671,retro raincoat
1672,vintage raincoat
1673,old money raincoat
1674,white raincoat
1675,black raincoat
1676,red raincoat
1677,blue raincoat
1678,green raincoat
1679,yellow raincoat
1680,pink raincoat
1681,brown raincoat
1682,gray raincoat
1683,navy raincoat
1684,beige raincoat
1685,purple raincoat
1686,long windbreaker
1687,short windbreaker
1688,men windbreaker
1689,men's windbreaker
1690,women windbreaker
1691,women's windbreaker
1692,kids windbreaker
1693,kids windbreaker
1694,lightweight windbreaker
1695,waterproof windbreaker
1696,breathable windbreaker
1697,hooded windbreaker
1698,zip windbreaker
1699,buttoned windbreaker
1700,packable windbreaker
1701,retro windbreaker
1702,casual windbreaker
1703,hiking windbreaker
1704,running windbreaker
1705,cycling windbreaker
1706,athletic windbreaker
1707,nylon windbreaker
1708,polyester windbreaker
1709,fleece-lined windbreaker
1710,rain windbreaker
1711,windbreaker jacket
1712,solid windbreaker
1713,printed windbreaker
1714,reflective windbreaker
1715,white windbreaker
1716,black windbreaker
1717,red windbreaker
1718,blue windbreaker
1719,green windbreaker
1720,pink windbreaker
1721,brown windbreaker
1722,gray windbreaker
1723,navy windbreaker
1724,beige windbreaker
1725,purple windbreaker
1726,yellow windbreaker
1727,long bomber jacket
1728,short bomber jacket
1729,men bomber jacket
1730,men's bomber jacket
1731,women bomber jacket
1732,women's bomber jacket
1733,kids bomber jacket
1734,kids bomber jacket
1735,classic bomber jacket
1736,slim bomber jacket
1737,loose bomber jacket
1738,leather bomber jacket
1739,nylon bomber jacket
1740,polyester bomber jacket
1741,cotton bomber jacket
1742,wool bomber jacket
1743,fleece bomber jacket
1744,satin bomber jacket
1745,quilted bomber jacket
1746,hooded bomber jacket
1747,zip bomber jacket
1748,buttoned bomber jacket
1749,retro bomber jacket
1750,casual bomber jacket
1751,modern bomber jacket
1752,vintage bomber jacket
1753,spring bomber jacket
1754,summer bomber jacket
1755,fall bomber jacket
1756,winter bomber jacket
1757,solid bomber jacket
1758,printed bomber jacket
1759,colorblock bomber jacket
1760,white bomber jacket
1761,black bomber jacket
1762,red bomber jacket
1763,blue bomber jacket
1764,green bomber jacket
1765,pink bomber jacket
1766,brown bomber jacket
1767,gray bomber jacket
1768,navy bomber jacket
1769,beige bomber jacket
1770,purple bomber jacket
1771,yellow bomber jacket
1772,long trench coat
1773,short trench coat
1774,men trench coat
1775,men's trench coat
1776,women trench coat
1777,women's trench coat
1778,kids trench coat
1779,kids trench coat
1780,classic trench coat
1781,double-breasted trench
1782,hooded trench coat
1783,waterproof trench coat
1784,breathable trench coat
1785,insulated trench coat
1786,quilted trench coat
1787,buttoned trench coat
1788,belter trench coat
1789,zip trench coat
1790,spring trench coat
1791,summer trench coat
1792,fall trench coat
1793,winter trench coat
1794,cotton trench coat
1795,wool trench coat
1796,polyester trench coat
1797,nylon trench coat
1798,leather trench coat
1799,linen trench coat
1800,solid trench coat
1801,checked trench coat
1802,retro trench coat
1803,vintage trench coat
1804,casual trench coat
1805,formal trench coat
1806,modern trench coat
1807,beige trench coat
1808,black trench coat
1809,gray trench coat
1810,navy trench coat
1811,brown trench coat
1812,white trench coat
1813,blue trench coat
1814,red trench coat
1815,green trench coat
1816,pink trench coat
1817,yellow trench coat
1818,peacoat
1819,long peacoat
1820,short peacoat
1821,men peacoat
1822,men's peacoat
1823,women peacoat
1824,women's peacoat
1825,kids peacoat
1826,kids peacoat
1827,classic peacoat
1828,double-breasted peacoat
1829,wool peacoat
1830,cotton peacoat
1831,navy peacoat
1832,black peacoat
1833,casual peacoat
1834,formal peacoat
1835,modern peacoat
1836,insulated peacoat
1837,heavy peacoat
1838,vintage peacoat
1839,trendy peacoat
1840,retro peacoat
1841,spring peacoat
1842,fall peacoat
1843,winter peacoat
1844,pea coat jacket
1845,pea coat with pockets
1846,pea coat with belt
1847,pea coat with hood
1848,solid peacoat
1849,checked peacoat
1850,navy blue peacoat
1851,gray peacoat
1852,brown peacoat
1853,beige peacoat
1854,red peacoat
1855,green peacoat
1856,blue peacoat
1857,white peacoat
1858,pink peacoat
1859,yellow peacoat
1860,parka
1861,long parka
1862,short parka
1863,men parka
1864,men's parka
1865,women parka
1866,women's parka
1867,kids parka
1868,kids parka
1869,waterproof parka
1870,insulated parka
1871,hooded parka
1872,fur-lined parka
1873,down parka
1874,wool parka
1875,cotton parka
1876,nylon parka
1877,lightweight parka
1878,heavy parka
1879,casual parka
1880,athletic parka
1881,modern parka
1882,classic parka
1883,retro parka
1884,vintage parka
1885,spring parka
1886,fall parka
1887,winter parka
1888,rain parka
1889,hiking parka
1890,camping parka
1891,puffer parka
1892,solid parka
1893,printed parka
1894,checked parka
1895,buttoned parka
1896,zip parka
1897,parka with pockets
1898,navy parka
1899,black parka
1900,red parka
1901,blue parka
1902,green parka
1903,brown parka
1904,gray parka
1905,beige parka
1906,white parka
1907,pink parka
1908,yellow parka
1909,purple parka
1910,sleeveless dress
1911,off-shoulder dress
1912,cotton dress
1913,linen dress
1914,silk dress
1915,ribbed dress
1916,vintage dress
1917,trendy dress
1918,retro dress
1919,floral dress
1920,striped dress
1921,polka dot dress
1922,printed dress
1923,solid dress
1924,a-line dress
1925,tea-length dress
1926,high-low dress
1927,peplum dress
1928,ruffled dress
1929,tiered dress
1930,tank dress
1931,mermaid dress
1932,cocktail dress
1933,tweed dress
1934,buttoned dress
1935,wrap front dress
1936,backless dress
1937,asymmetrical dress
1938,gown
1939,long gown
1940,short gown
1941,prom gown
1942,wedding gown
1943,formal gown
1944,cocktail gown
1945,vintage gown
1946,trendy gown
1947,classic gown
1948,retro gown
1949,bohemian gown
1950,a-line gown
1951,mermaid gown
1952,empire gown
1953,princess gown
1954,high-low gown
1955,ruffled gown
1956,pleated gown
1957,wrap gown
1958,off-shoulder gown
1959,strapless gown
1960,sleeveless gown
1961,long sleeve gown
1962,lace gown
1963,chiffon gown
1964,silk gown
1965,satin gown
1966,embroidered gown
1967,beaded gown
1968,sequin gown
1969,tulle gown
1970,spring gown
1971,summer gown
1972,fall gown
1973,winter gown
1974,printed gown
1975,solid gown
1976,floral gown
1977,striped gown
1978,polka dot gown
1979,white gown
1980,black gown
1981,red gown
1982,blue gown
1983,green gown
1984,pink gown
1985,brown gown
1986,gray gown
1987,beige gown
1988,navy gown
1989,purple gown
1990,yellow gown
1991,joggers
1992,long joggers
1993,short joggers
1994,men joggers
1995,men's joggers
1996,women joggers
1997,women's joggers
1998,kids joggers
1999,kids joggers
2000,casual joggers
2001,athletic joggers
2002,sports joggers
2003,running joggers
2004,gym joggers
2005,yoga joggers
2006,training joggers
2007,lounge joggers
2008,slim joggers
2009,loose joggers
2010,high-waisted joggers
2011,mid-rise joggers
2012,cotton joggers
2013,fleece joggers
2014,knit joggers
2015,nylon joggers
2016,polyester joggers
2017,ribbed joggers
2018,stretch joggers
2019,spring joggers
2020,summer joggers
2021,fall joggers
2022,winter joggers
2023,modern joggers
2024,vintage joggers
2025,retro joggers
2026,trendy joggers
2027,solid joggers
2028,printed joggers
2029,striped joggers
2030,camouflage joggers
2031,tie-dye joggers
2032,checkered joggers
2033,buttoned joggers
2034,zip joggers
2035,joggers with pockets
2036,white joggers
2037,black joggers
2038,red joggers
2039,blue joggers
2040,green joggers
2041,pink joggers
2042,brown joggers
2043,gray joggers
2044,beige joggers
2045,navy joggers
2046,purple joggers
2047,yellow joggers
2048,swimsuit
2049,one-piece swimsuit
2050,two-piece swimsuit
2051,bikini
2052,tankini
2053,monokini
2054,halter swimsuit
2055,strapless swimsuit
2056,sleeveless swimsuit
2057,long sleeve swimsuit
2058,rash guard swimsuit
2059,high-waisted swimsuit
2060,scoop neck swimsuit
2061,v-neck swimsuit
2062,off-shoulder swimsuit
2063,cutout swimsuit
2064,printed swimsuit
2065,solid swimsuit
2066,floral swimsuit
2067,striped swimsuit
2068,polka dot swimsuit
2069,retro swimsuit
2070,modern swimsuit
2071,trendy swimsuit
2072,classic swimsuit
2073,spring swimsuit
2074,summer swimsuit
2075,fall swimsuit
2076,winter swimsuit
2077,lace-up swimsuit
2078,mesh swimsuit
2079,ruched swimsuit
2080,tummy control swimsuit
2081,padded swimsuit
2082,wireless swimsuit
2083,sport swimsuit
2084,athletic swimsuit
2085,swimsuit with skirt
2086,white swimsuit
2087,black swimsuit
2088,red swimsuit
2089,blue swimsuit
2090,green swimsuit
2091,pink swimsuit
2092,brown swimsuit
2093,gray swimsuit
2094,beige swimsuit
2095,navy swimsuit
2096,purple swimsuit
2097,yellow swimsuit
2098,wetsuit
2099,men wetsuit
2100,men's wetsuit
2101,women wetsuit
2102,women's wetsuit
2103,kids wetsuit
2104,kids wetsuit
2105,short wetsuit
2106,long wetsuit
2107,diving wetsuit
2108,surfing wetsuit
2109,triathlon wetsuit
2110,two piece bikini
2111,string bikini
2112,triangle bikini
2113,halter bikini
2114,bandeau bikini
2115,high waisted bikini
2116,high cut bikini
2117,low rise bikini
2118,ruffled bikini
2119,padded bikini
2120,push up bikini
2121,strapless bikini
2122,sport bikini
2123,ruched bikini
2124,cutout bikini
2125,tie side bikini
2126,printed bikini
2127,solid bikini
2128,floral bikini
2129,striped bikini
2130,polka dot bikini
2131,tropical bikini
2132,boho bikini
2133,vintage bikini
2134,modern bikini
2135,trendy bikini
2136,classical bikini
2137,retro bikini
2138,high neck bikini
2139,one shoulder bikini
2140,seamless bikini
2141,bikini with skirt
2142,mesh bikini
2143,lace bikini
2144,wireless bikini
2145,tummy control bikini
2146,swim bikini
2147,summer bikini
2148,spring bikini
2149,swimming bikini
2150,beach bikini
2151,white bikini
2152,black bikini
2153,red bikini
2154,blue bikini
2155,green bikini
2156,pink bikini
2157,brown bikini
2158,gray bikini
2159,beige bikini
2160,navy bikini
2161,purple bikini
2162,yellow bikini
2163,underwear
2164,men underwear
2165,men's underwear
2166,women underwear
2167,women's underwear
2168,kids underwear
2169,kids underwear
2170,briefs
2171,boxer briefs
2172,boxers
2173,trunks
2174,thongs
2175,boyshorts
2176,bikini underwear
2177,hipster underwear
2178,high waisted underwear
2179,low rise underwear
2180,mid rise underwear
2181,seamless underwear
2182,cotton underwear
2183,lace underwear
2184,satin underwear
2185,mesh underwear
2186,ribbed underwear
2187,knit underwear
2188,stretch underwear
2189,sport underwear
2190,athletic underwear
2191,thermal underwear
2192,wool underwear
2193,bamboo underwear
2194,modal underwear
2195,nylon underwear
2196,printed underwear
2197,solid underwear
2198,patterned underwear
2199,retro underwear
2200,modern underwear
2201,vintage underwear
2202,casual underwear
2203,summer underwear
2204,spring underwear
2205,fall underwear
2206,winter underwear
2207,white underwear
2208,black underwear
2209,red underwear
2210,blue underwear
2211,green underwear
2212,pink underwear
2213,brown underwear
2214,gray underwear
2215,beige underwear
2216,navy underwear
2217,purple underwear
2218,yellow underwear
2219,lingerie
2220,lingerie set
2221,babydoll lingerie
2222,lace lingerie
2223,satin lingerie
2224,silk lingerie
2225,mesh lingerie
2226,sheer lingerie
2227,sexy lingerie
2228,bridal lingerie
2229,vintage lingerie
2230,trendy lingerie
2231,modern lingerie
2232,retro lingerie
2233,classic lingerie
2234,teddy lingerie
2235,camisole lingerie
2236,bralette lingerie
2237,shapewear lingerie
2238,bustier lingerie
2239,corset lingerie
2240,chemise lingerie
2241,slip lingerie
2242,high waisted lingerie
2243,ruffled lingerie
2244,embroidered lingerie
2245,floral lingerie
2246,printed lingerie
2247,solid lingerie
2248,bodysuit lingerie
2249,plus size lingerie
2250,backless lingerie
2251,halter lingerie
2252,strapless lingerie
2253,bralette set
2254,garter lingerie
2255,bralette top
2256,romantic lingerie
2257,elegant lingerie
2258,luxury lingerie
2259,fancy lingerie
2260,holiday lingerie
2261,white lingerie
2262,black lingerie
2263,red lingerie
2264,blue lingerie
2265,green lingerie
2266,pink lingerie
2267,brown lingerie
2268,gray lingerie
2269,beige lingerie
2270,navy lingerie
2271,purple lingerie
2272,yellow lingerie
2273,pajamas
2274,long pajamas
2275,short pajamas
2276,men pajamas
2277,men's pajamas
2278,women pajamas
2279,women's pajamas
2280,kids pajamas
2281,kids pajamas
2282,one piece pajamas
2283,two piece pajamas
2284,button up pajamas
2285,button front pajamas
2286,zip pajamas
2287,pullover pajamas
2288,cotton pajamas
2289,flannel pajamas
2290,silk pajamas
2291,satin pajamas
2292,fleece pajamas
2293,thermal pajamas
2294,knit pajamas
2295,ribbed pajamas
2296,lightweight pajamas
2297,heavyweight pajamas
2298,sleep pajamas
2299,lounge pajamas
2300,summer pajamas
2301,winter pajamas
2302,printed pajamas
2303,solid pajamas
2304,floral pajamas
2305,striped pajamas
2306,polka dot pajamas
2307,checked pajamas
2308,plaid pajamas
2309,animal print pajamas
2310,graphic print pajamas
2311,vintage pajamas
2312,trendy pajamas
2313,retro pajamas
2314,modern pajamas
2315,classic pajamas
2316,relaxed fit pajamas
2317,slim fit pajamas
2318,pajama set
2319,matching pajamas
2320,pajama top
2321,pajama pants
2322,pajama shorts
2323,pajama with pockets
2324,hooded pajamas
2325,tie waist pajamas
2326,white pajamas
2327,black pajamas
2328,red pajamas
2329,blue pajamas
2330,green pajamas
2331,pink pajamas
2332,brown pajamas
2333,gray pajamas
2334,beige pajamas
2335,navy pajamas
2336,purple pajamas
2337,yellow pajamas
2338,nightgown
2339,long nightgown
2340,short nightgown
2341,sleeveless nightgown
2342,long sleeve nightgown
2343,v-neck nightgown
2344,scoop neck nightgown
2345,high neck nightgown
2346,off-shoulder nightgown
2347,strapless nightgown
2348,cotton nightgown
2349,silk nightgown
2350,satin nightgown
2351,lacy nightgown
2352,chiffon nightgown
2353,knit nightgown
2354,flannel nightgown
2355,ribbed nightgown
2356,thermal nightgown
2357,lightweight nightgown
2358,heavyweight nightgown
2359,printed nightgown
2360,solid nightgown
2361,floral nightgown
2362,striped nightgown
2363,polka dot nightgown
2364,checked nightgown
2365,bohemian nightgown
2366,retro nightgown
2367,vintage nightgown
2368,trendy nightgown
2369,modern nightgown
2370,classical nightgown
2371,relaxed nightgown
2372,fitted nightgown
2373,ruffled nightgown
2374,embroidered nightgown
2375,pleated nightgown
2376,tie waist nightgown
2377,pajama nightgown
2378,chemise nightgown
2379,slip nightgown
2380,wrap nightgown
2381,casual nightgown
2382,elegant nightgown
2383,romantic nightgown
2384,luxury nightgown
2385,sleep nightgown
2386,summer nightgown
2387,winter nightgown
2388,spring nightgown
2389,fall nightgown
2390,nightgown with pockets
2391,nightgown with buttons
2392,hooded nightgown
2393,white nightgown
2394,black nightgown
2395,red nightgown
2396,blue nightgown
2397,green nightgown
2398,pink nightgown
2399,brown nightgown
2400,gray nightgown
2401,beige nightgown
2402,navy nightgown
2403,purple nightgown
2404,yellow nightgown
2405,socks
2406,long socks
2407,short socks
2408,men socks
2409,men's socks
2410,women socks
2411,women's socks
2412,kids socks
2413,kids socks
2414,ankle socks
2415,crew socks
2416,knee high socks
2417,over the knee socks
2418,thigh high socks
2419,no show socks
2420,low cut socks
2421,sport socks
2422,athletic socks
2423,running socks
2424,hiking socks
2425,gym socks
2426,compression socks
2427,cotton socks
2428,wool socks
2429,bamboo socks
2430,thermal socks
2431,fleece socks
2432,knit socks
2433,ribbed socks
2434,seamless socks
2435,lightweight socks
2436,heavyweight socks
2437,printed socks
2438,solid socks
2439,patterned socks
2440,striped socks
2441,polka dot socks
2442,floral socks
2443,checked socks
2444,argyle socks
2445,novelty socks
2446,fun socks
2447,casual socks
2448,formal socks
2449,classic socks
2450,retro socks
2451,vintage socks
2452,modern socks
2453,summer socks
2454,winter socks
2455,spring socks
2456,fall socks
2457,white socks
2458,black socks
2459,red socks
2460,blue socks
2461,green socks
2462,pink socks
2463,brown socks
2464,gray socks
2465,beige socks
2466,navy socks
2467,purple socks
2468,yellow socks
2469,tights
2470,long tights
2471,short tights
2472,opaque tights
2473,sheer tights
2474,control top tights
2475,high waisted tights
2476,low rise tights
2477,thermal tights
2478,fleece lined tights
2479,wool tights
2480,cotton tights
2481,nylon tights
2482,spandex tights
2483,knit tights
2484,ribbed tights
2485,fishnet tights
2486,pantyhose
2487,compression tights
2488,athletic tights
2489,running tights
2490,gym tights
2491,yoga tights
2492,dance tights
2493,footed tights
2494,footless tights
2495,seamless tights
2496,tights with patterns
2497,tights with prints
2498,striped tights
2499,polka dot tights
2500,floral tights
2501,checked tights
2502,solid tights
2503,casual tights
2504,formal tights
2505,retro tights
2506,vintage tights
2507,trendy tights
2508,classic tights
2509,modern tights
2510,summer tights
2511,winter tights
2512,spring tights
2513,fall tights
2514,white tights
2515,black tights
2516,red tights
2517,blue tights
2518,green tights
2519,pink tights
2520,brown tights
2521,gray tights
2522,beige tights
2523,navy tights
2524,purple tights
2525,yellow tights
2526,watches
2527,men watches
2528,men's watches
2529,women watches
2530,women's watches
2531,kids watches
2532,kids watches
2533,analog watches
2534,digital watches
2535,smartwatches
2536,mechanical watches
2537,automatic watches
2538,chronograph watches
2539,dress watches
2540,sport watches
2541,diving watches
2542,pilot watches
2543,luxury watches
2544,affordable watches
2545,vintage watches
2546,trendy watches
2547,modern watches
2548,classic watches
2549,retro watches
2550,solar watches
2551,quartz watches
2552,field watches
2553,tactical watches
2554,military watches
2555,minimalist watches
2556,complication watches
2557,skeleton watches
2558,aviator watches
2559,casual watches
2560,formal watches
2561,bracelet watches
2562,leather strap watches
2563,rubber strap watches
2564,nylon strap watches
2565,ceramic watches
2566,stainless steel watches
2567,gold watches
2568,silver watches
2569,diamond watches
2570,titanium watches
2571,copper watches
2572,rose gold watches
2573,gunmetal watches
2574,smart fitness watches
2575,running watches
2576,white watches
2577,black watches
2578,red watches
2579,blue watches
2580,green watches
2581,pink watches
2582,brown watches
2583,gray watches
2584,beige watches
2585,navy watches
2586,purple watches
2587,yellow watches
2588,jewellery
2589,men jewellery
2590,men's jewellery
2591,women jewellery
2592,women's jewellery
2593,kids jewellery
2594,kids jewellery
2595,earrings
2596,men earrings
2597,men's earrings
2598,women earrings
2599,women's earrings
2600,stud earrings
2601,hoop earrings
2602,drop earrings
2603,chandelier earrings
2604,huggie earrings
2605,clip on earrings
2606,cuff earrings
2607,threader earrings
2608,tassel earrings
2609,statement earrings
2610,pearl earrings
2611,diamond earrings
2612,gold earrings
2613,silver earrings
2614,rose gold earrings
2615,bracelets
2616,men bracelets
2617,men's bracelets
2618,women bracelets
2619,women's bracelets
2620,bangle bracelets
2621,chain bracelets
2622,beaded bracelets
2623,charm bracelets
2624,cuff bracelets
2625,link bracelets
2626,leather bracelets
2627,tennis bracelets
2628,friendship bracelets
2629,gold bracelets
2630,silver bracelets
2631,anklets
2632,men anklets
2633,men's anklets
2634,women anklets
2635,women's anklets
2636,chain anklets
2637,beaded anklets
2638,charm anklets
2639,gold anklets
2640,silver anklets
2641,rings
2642,men rings
2643,men's rings
2644,women rings
2645,women's rings
2646,band rings
2647,signet rings
2648,stackable rings
2649,statement rings
2650,engagement rings
2651,wedding rings
2652,eternity rings
2653,cluster rings
2654,cocktail rings
2655,promise rings
2656,solitaire rings
2657,pearl rings
2658,diamond rings
2659,gold rings
2660,silver rings
2661,rose gold rings
2662,necklaces
2663,men necklaces
2664,men's necklaces
2665,women necklaces
2666,women's necklaces
2667,chain necklaces
2668,pendant necklaces
2669,charm necklaces
2670,pearl necklaces
2671,beaded necklaces
2672,choker necklaces
2673,statement necklaces
2674,layered necklaces
2675,locket necklaces
2676,diamond necklaces
2677,gold necklaces
2678,silver necklaces
2679,initial necklaces
2680,nameplate necklaces
2681,gold jewellery
2682,silver jewellery
2683,diamond jewellery
2684,pearl jewellery
2685,gemstone jewellery
2686,costume jewellery
2687,fashion jewellery
2688,handmade jewellery
2689,minimalist jewellery
2690,vintage jewellery
2691,bohemian jewellery
2692,trendy jewellery
2693,modern jewellery
2694,classic jewellery
2695,custom jewellery
2696,artisanal jewellery
2697,ethnic jewellery
2698,luxury jewellery
2699,casual jewellery
2700,everyday jewellery
2701,personalised jewellery
2702,shoes
2703,men shoes
2704,men's shoes
2705,women shoes
2706,women's shoes
2707,kids shoes
2708,kids shoes
2709,formal shoes
2710,casual shoes
2711,dress shoes
2712,leather shoes
2713,oxford shoes
2714,derby shoes
2715,loafers
2716,monk strap shoes
2717,slip-on shoes
2718,brogue shoes
2719,wingtip shoes
2720,cap toe shoes
2721,plain toe shoes
2722,boat shoes
2723,driving shoes
2724,work shoes
2725,steel toe shoes
2726,walking shoes
2727,comfort shoes
2728,slippers
2729,moccasins
2730,clogs
2731,espadrilles
2732,deck shoes
2733,athletic shoes
2734,running shoes
2735,training shoes
2736,gym shoes
2737,yoga shoes
2738,cycling shoes
2739,basketball shoes
2740,tennis shoes
2741,soccer shoes
2742,golf shoes
2743,hiking shoes
2744,trail shoes
2745,water shoes
2746,skate shoes
2747,dance shoes
2748,tap shoes
2749,ballet shoes
2750,cheer shoes
2751,wedding shoes
2752,bride shoes
2753,groom shoes
2754,party shoes
2755,evening shoes
2756,prom shoes
2757,office shoes
2758,summer shoes
2759,winter shoes
2760,spring shoes
2761,fall shoes
2762,white shoes
2763,black shoes
2764,red shoes
2765,blue shoes
2766,green shoes
2767,pink shoes
2768,brown shoes
2769,gray shoes
2770,beige shoes
2771,navy shoes
2772,purple shoes
2773,yellow shoes
2774,boots
2775,men boots
2776,men's boots
2777,women boots
2778,women's boots
2779,kids boots
2780,kids boots
2781,ankle boots
2782,chelsea boots
2783,chukka boots
2784,combat boots
2785,desert boots
2786,hiking boots
2787,knee high boots
2788,over the knee boots
2789,riding boots
2790,winter boots
2791,snow boots
2792,rain boots
2793,wellington boots
2794,work boots
2795,steel toe boots
2796,cowboy boots
2797,motorcycle boots
2798,wedge boots
2799,platform boots
2800,heeled boots
2801,flat boots
2802,lug sole boots
2803,fashion boots
2804,casual boots
2805,formal boots
2806,leather boots
2807,suede boots
2808,rubber boots
2809,fleece lined boots
2810,insulated boots
2811,waterproof boots
2812,laceless boots
2813,zip boots
2814,lace-up boots
2815,solid boots
2816,printed boots
2817,spring boots
2818,summer boots
2819,fall boots
2820,white boots
2821,black boots
2822,red boots
2823,blue boots
2824,green boots
2825,pink boots
2826,brown boots
2827,gray boots
2828,beige boots
2829,navy boots
2830,purple boots
2831,yellow boots
2832,men loafers
2833,men's loafers
2834,women loafers
2835,women's loafers
2836,kids loafers
2837,kids loafers
2838,classic loafers
2839,penny loafers
2840,tassel loafers
2841,bit loafers
2842,horsebit loafers
2843,slip-on loafers
2844,driving loafers
2845,moccasin loafers
2846,casual loafers
2847,formal loafers
2848,leather loafers
2849,suede loafers
2850,patent leather loafers
2851,vegan leather loafers
2852,fur-lined loafers
2853,quilted loafers
2854,platform loafers
2855,wedge loafers
2856,heeled loafers
2857,flat loafers
2858,comfortable loafers
2859,orthopedic loafers
2860,lightweight loafers
2861,dress loafers
2862,office loafers
2863,fashion loafers
2864,old money loafers
2865,vintage loafers
2866,retro loafers
2867,preppy loafers
2868,spring loafers
2869,summer loafers
2870,fall loafers
2871,winter loafers
2872,solid loafers
2873,printed loafers
2874,white loafers
2875,black loafers
2876,red loafers
2877,blue loafers
2878,green loafers
2879,pink loafers
2880,brown loafers
2881,gray loafers
2882,beige loafers
2883,navy loafers
2884,purple loafers
2885,yellow loafers
2886,sneakers
2887,men sneakers
2888,men's sneakers
2889,women sneakers
2890,women's sneakers
2891,kids sneakers
2892,kids sneakers
2893,casual sneakers
2894,athletic sneakers
2895,running sneakers
2896,walking sneakers
2897,gym sneakers
2898,training sneakers
2899,tennis sneakers
2900,basketball sneakers
2901,skate sneakers
2902,vintage sneakers
2903,retro sneakers
2904,trendy sneakers
2905,classic sneakers
2906,low top sneakers
2907,high top sneakers
2908,platform sneakers
2909,slip-on sneakers
2910,lace-up sneakers
2911,chunky sneakers
2912,lightweight sneakers
2913,breathable sneakers
2914,waterproof sneakers
2915,performance sneakers
2916,hiking sneakers
2917,trail sneakers
2918,court sneakers
2919,indoor sneakers
2920,old money sneakers
2921,preppy sneakers
2922,summer sneakers
2923,winter sneakers
2924,spring sneakers
2925,fall sneakers
2926,leather sneakers
2927,suede sneakers
2928,mesh sneakers
2929,knit sneakers
2930,canvas sneakers
2931,vegan sneakers
2932,slip-resistant sneakers
2933,solid sneakers
2934,printed sneakers
2935,white sneakers
2936,black sneakers
2937,red sneakers
2938,blue sneakers
2939,green sneakers
2940,pink sneakers
2941,brown sneakers
2942,gray sneakers
2943,beige sneakers
2944,navy sneakers
2945,purple sneakers
2946,yellow sneakers
2947,sunglasses
2948,men sunglasses
2949,men's sunglasses
2950,women sunglasses
2951,women's sunglasses
2952,kids sunglasses
2953,kids sunglasses
2954,polarized sunglasses
2955,non-polarized sunglasses
2956,UV protection sunglasses
2957,photochromic sunglasses
2958,gradient sunglasses
2959,mirror sunglasses
2960,anti-glare sunglasses
2961,sports sunglasses
2962,driving sunglasses
2963,cycling sunglasses
2964,running sunglasses
2965,fishing sunglasses
2966,golf sunglasses
2967,aviator sunglasses
2968,wayfarer sunglasses
2969,cat eye sunglasses
2970,round sunglasses
2971,rectangular sunglasses
2972,square sunglasses
2973,oversized sunglasses
2974,wraparound sunglasses
2975,retro sunglasses
2976,vintage sunglasses
2977,classic sunglasses
2978,modern sunglasses
2979,trendy sunglasses
2980,fashion sunglasses
2981,casual sunglasses
2982,designer sunglasses
2983,luxury sunglasses
2984,budget sunglasses
2985,lightweight sunglasses
2986,folding sunglasses
2987,rimless sunglasses
2988,full-rim sunglasses
2989,semi-rim sunglasses
2990,metal frame sunglasses
2991,plastic frame sunglasses
2992,titanium frame sunglasses
2993,aluminum frame sunglasses
2994,acetate frame sunglasses
2995,wood frame sunglasses
2996,carbon fiber sunglasses
2997,rubber frame sunglasses
2998,eco-friendly sunglasses
2999,white sunglasses
3000,black sunglasses
3001,red sunglasses
3002,blue sunglasses
3003,green sunglasses
3004,pink sunglasses
3005,brown sunglasses
3006,gray sunglasses
3007,beige sunglasses
3008,navy sunglasses
3009,purple sunglasses
3010,yellow sunglasses
3011,tortoise shell sunglasses
3012,clear frame sunglasses
3013,gradient lens sunglasses
3014,mirror lens sunglasses
3015,blue light blocking sunglasses
3016,clip-on sunglasses
3017,prescription sunglasses
3018,transition sunglasses
3019,fashionable sunglasses
3020,round frame sunglasses
3021,oval frame sunglasses
3022,flat top sunglasses
3023,pilot sunglasses
3024,retro pilot sunglasses
3025,vintage aviator sunglasses
3026,sports wrap sunglasses
3027,square frame sunglasses
3028,rectangular frame sunglasses
3029,wayfarer style sunglasses
3030,cat eye style sunglasses
3031,classical aviator sunglasses
3032,modern aviator sunglasses
3033,wooden frame sunglasses
3034,steampunk sunglasses
3035,polarized aviator sunglasses
3036,retro round sunglasses
3037,rectangular polarized sunglasses
3038,square wayfarer sunglasses
3039,oversized cat eye sunglasses
3040,metal aviator sunglasses
3041,plastic wayfarer sunglasses
3042,titanium pilot sunglasses
3043,fashion wayfarer sunglasses
3044,dark lens sunglasses
3045,light lens sunglasses
3046,smoke lens sunglasses
3047,brown lens sunglasses
3048,blue lens sunglasses
3049,green lens sunglasses
3050,pink lens sunglasses
3051,purple lens sunglasses
3052,yellow lens sunglasses
3053,old money sunglasses
3054,preppy sunglasses
3055,vintage round sunglasses
3056,vintage oval sunglasses
3057,vintage square sunglasses
3058,vintage cat eye sunglasses
3059,retro wayfarer sunglasses
3060,classic round sunglasses
3061,classic square sunglasses
3062,classic cat eye sunglasses
3063,classic oval sunglasses
3064,tortoise round sunglasses
3065,tortoise oval sunglasses
3066,tortoise square sunglasses
3067,tortoise cat eye sunglasses
3068,light tortoise sunglasses
3069,gradient aviator sunglasses
3070,gradient wayfarer sunglasses
3071,gradient round sunglasses
3072,gradient square sunglasses
3073,vintage metal sunglasses
3074,vintage plastic sunglasses
3075,retro tortoise sunglasses
3076,classic metal sunglasses
3077,modern tortoise sunglasses
3078,classic pilot sunglasses
3079,retro aviator sunglasses
3080,old school aviator sunglasses
3081,retro oval sunglasses
3082,retro square sunglasses
3083,retro cat eye sunglasses
3084,preppy wayfarer sunglasses
3085,old money wayfarer sunglasses
3086,old money round sunglasses
3087,old money cat eye sunglasses
3088,classic aviator sunglasses
3089,modern round sunglasses
3090,modern square sunglasses
3091,modern cat eye sunglasses
